;1STH/NOR1261;NOR1261;0 grupper;1STH;;Nei;
;;Norsk, vg1 studieforberedende utdanningsprogram, muntlig;;;;;
;3STA/NOR1268;NOR1268;0 grupper;3STA;;Nei;
;;Norsk sidemål, vg3 studieforberedende utdanningsprogram, skriftlig;;;;;
;1STG/NOR1261;NOR1261;0 grupper;1STG;;Nei;
;;Norsk, vg1 studieforberedende utdanningsprogram, muntlig;;;;;
;1STF/NOR1261;NOR1261;0 grupper;1STF;;Nei;
;;Norsk, vg1 studieforberedende utdanningsprogram, muntlig;;;;;
;1STC/NOR1261;NOR1261;0 grupper;1STC;;Nei;
;;Norsk, vg1 studieforberedende utdanningsprogram, muntlig;;;;;
;1STD/NOR1261;NOR1261;0 grupper;1STD;;Nei;
;;Norsk, vg1 studieforberedende utdanningsprogram, muntlig;;;;;
;1STE/NOR1261;NOR1261;0 grupper;1STE;;Nei;
;;Norsk, vg1 studieforberedende utdanningsprogram, muntlig;;;;;
;3STD/NOR1268;NOR1268;0 grupper;3STD;;Nei;
;;Norsk sidemål, vg3 studieforberedende utdanningsprogram, skriftlig;;;;;
;3STF/NOR1269;NOR1269;0 grupper;3STF;;Nei;
;;Norsk, vg3 studieforberedende utdanningsprogram, muntlig;;;;;
;3STD/NOR1269;NOR1269;0 grupper;3STD;;Nei;
;;Norsk, vg3 studieforberedende utdanningsprogram, muntlig;;;;;
;3STB/NOR1268;NOR1268;0 grupper;3STB;;Nei;
;;Norsk sidemål, vg3 studieforberedende utdanningsprogram, skriftlig;;;;;
;3STB/NOR1269;NOR1269;0 grupper;3STB;;Nei;
;;Norsk, vg3 studieforberedende utdanningsprogram, muntlig;;;;;
;3STC/NOR1269;NOR1269;0 grupper;3STC;;Nei;
;;Norsk, vg3 studieforberedende utdanningsprogram, muntlig;;;;;
;3STE/NOR1268;NOR1268;0 grupper;3STE;;Nei;
;;Norsk sidemål, vg3 studieforberedende utdanningsprogram, skriftlig;;;;;
;1STB/NOR1261;NOR1261;0 grupper;1STB;;Nei;
;;Norsk, vg1 studieforberedende utdanningsprogram, muntlig;;;;;
;3STH/NOR1269;NOR1269;0 grupper;3STH;;Nei;
;;Norsk, vg3 studieforberedende utdanningsprogram, muntlig;;;;;
;3STF/NOR1268;NOR1268;0 grupper;3STF;;Nei;
;;Norsk sidemål, vg3 studieforberedende utdanningsprogram, skriftlig;;;;;
;3STG/NOR1269;NOR1269;0 grupper;3STG;;Nei;
;;Norsk, vg3 studieforberedende utdanningsprogram, muntlig;;;;;
;3STG/NOR1268;NOR1268;0 grupper;3STG;;Nei;
;;Norsk sidemål, vg3 studieforberedende utdanningsprogram, skriftlig;;;;;
;3STH/NOR1268;NOR1268;0 grupper;3STH;;Nei;
;;Norsk sidemål, vg3 studieforberedende utdanningsprogram, skriftlig;;;;;
;1STA/NOR1261;NOR1261;0 grupper;1STA;;Nei;
;;Norsk, vg1 studieforberedende utdanningsprogram, muntlig;;;;;
;2MKA/NOR1265;NOR1265;0 grupper;2MKA;;Nei;
;;Norsk, vg2 studieforberedende utdanningsprogram, muntlig;;;;;
;3STC/NOR1268;NOR1268;0 grupper;3STC;;Nei;
;;Norsk sidemål, vg3 studieforberedende utdanningsprogram, skriftlig;;;;;
;3STE/NOR1269;NOR1269;0 grupper;3STE;;Nei;
;;Norsk, vg3 studieforberedende utdanningsprogram, muntlig;;;;;
;3PBYA/NOR1272;NOR1272;0 grupper;3PBYA;;Nei;
;;Norsk, vg3 påbygging til generell studiekompetanse, muntlig;;;;;
;3PBYA/NOR1271;NOR1271;0 grupper;3PBYA;;Nei;
;;Norsk sidemål, vg3 påbygging til generell studiekompetanse, skriftlig;;;;;
;3STA/NOR1269;NOR1269;0 grupper;3STA;;Nei;
;;Norsk, vg3 studieforberedende utdanningsprogram, muntlig;;;;;
;2STF/NOR1265;NOR1265;0 grupper;2STF;;Nei;
;;Norsk, vg2 studieforberedende utdanningsprogram, muntlig;;;;;
;2STG/NOR1265;NOR1265;0 grupper;2STG;;Nei;
;;Norsk, vg2 studieforberedende utdanningsprogram, muntlig;;;;;
;2STH/NOR1265;NOR1265;0 grupper;2STH;;Nei;
;;Norsk, vg2 studieforberedende utdanningsprogram, muntlig;;;;;
;2STB/NOR1265;NOR1265;0 grupper;2STB;;Nei;
;;Norsk, vg2 studieforberedende utdanningsprogram, muntlig;;;;;
;3MKA/NOR1269;NOR1269;0 grupper;3MKA;;Nei;
;;Norsk, vg3 studieforberedende utdanningsprogram, muntlig;;;;;
;3MKA/NOR1268;NOR1268;0 grupper;3MKA;;Nei;
;;Norsk sidemål, vg3 studieforberedende utdanningsprogram, skriftlig;;;;;
;2STC/NOR1265;NOR1265;0 grupper;2STC;;Nei;
;;Norsk, vg2 studieforberedende utdanningsprogram, muntlig;;;;;
;2STD/NOR1265;NOR1265;0 grupper;2STD;;Nei;
;;Norsk, vg2 studieforberedende utdanningsprogram, muntlig;;;;;
;2STE/NOR1265;NOR1265;0 grupper;2STE;;Nei;
;;Norsk, vg2 studieforberedende utdanningsprogram, muntlig;;;;;
;2STA/NOR1265;NOR1265;0 grupper;2STA;;Nei;
;;Norsk, vg2 studieforberedende utdanningsprogram, muntlig;;;;;
;2ITKB/NOR1262;NOR1262;1 gruppe;2ITKB;;Nei;
;;Norsk, vg2 yrkesfaglige utdanningsprogram;;;;;
;2MEDA/SAK1001;SAK1001;1 gruppe;2MEDA;;Nei;
;;Samfunnskunnskap;;;;;
;2ITKB/ITK2003;ITK2003;1 gruppe;2ITKB;;Nei;
;;Utvikling;;;;;
;2ITKB/ITK2002;ITK2002;1 gruppe;2ITKB;;Nei;
;;Brukerstøtte;;;;;
;2ITKB/ITK2001;ITK2001;1 gruppe;2ITKB;;Nei;
;;Driftsstøtte;;;;;
;2ITKB/YFF4209;YFF4209;1 gruppe;2ITKB;;Nei;
;;Yrkesfaglig fordypning vg2;;;;;
;2SRLB/SRL2002;SRL2002;1 gruppe;2SRLB;;Nei;
;;Innovasjon og markedsføring;;;;;
;2MEDA/MED2005;MED2005;1 gruppe;2MEDA;;Nei;
;;Teknologi og produksjon;;;;;
;2MEDA/YFF4209;YFF4209;1 gruppe;2MEDA;;Nei;
;;Yrkesfaglig fordypning vg2;;;;;
;2SRLAB/SAK1001;SAK1001;1 gruppe;2SRLA, 2SRLB;;Nei;
;;Samfunnskunnskap;;;;;
;1STD/NAT1007;NAT1007;1 gruppe;1STD;;Nei;
;;Naturfag vg1 studieforberedende utdanningsprogram;;;;;
;2SRLB/SRL2001;SRL2001;1 gruppe;2SRLB;;Nei;
;;Forretningsdrift;;;;;
;2SRLB/SRL2003;SRL2003;1 gruppe;2SRLB;;Nei;
;;Kultur og kommunikasjon;;;;;
;3STF/HIS1010;HIS1010;1 gruppe;3STF;;Nei;
;;Historie Vg3 studieforberedende utdanningsprogram;;;;;
;1STG/KRO1017;KRO1017;1 gruppe;1STG;;Nei;
;;Kroppsøving vg1;;;;;
;1STH/KRO1017;KRO1017;1 gruppe;1STH;;Nei;
;;Kroppsøving vg1;;;;;
;1STA/SAK1001;SAK1001;1 gruppe;1STA;;Nei;
;;Samfunnskunnskap;;;;;
;1STB/SAK1001;SAK1001;1 gruppe;1STB;;Nei;
;;Samfunnskunnskap;;;;;
;1STC/KRO1017;KRO1017;1 gruppe;1STC;;Nei;
;;Kroppsøving vg1;;;;;
;1STD/KRO1017;KRO1017;1 gruppe;1STD;;Nei;
;;Kroppsøving vg1;;;;;
;1STE/KRO1017;KRO1017;1 gruppe;1STE;;Nei;
;;Kroppsøving vg1;;;;;
;2STD/HIS1009;HIS1009;1 gruppe;2STD;;Nei;
;;Historie vg2 studieforberedende utdanningsprogram;;;;;
;2STE/HIS1009;HIS1009;1 gruppe;2STE;;Nei;
;;Historie vg2 studieforberedende utdanningsprogram;;;;;
;2STF/HIS1009;HIS1009;1 gruppe;2STF;;Nei;
;;Historie vg2 studieforberedende utdanningsprogram;;;;;
;2STG/HIS1009;HIS1009;1 gruppe;2STG;;Nei;
;;Historie vg2 studieforberedende utdanningsprogram;;;;;
;3STG/HIS1010;HIS1010;1 gruppe;3STG;;Nei;
;;Historie Vg3 studieforberedende utdanningsprogram;;;;;
;3STH/HIS1010;HIS1010;1 gruppe;3STH;;Nei;
;;Historie Vg3 studieforberedende utdanningsprogram;;;;;
;3STD/HIS1010;HIS1010;1 gruppe;3STD;;Nei;
;;Historie Vg3 studieforberedende utdanningsprogram;;;;;
;3STE/HIS1010;HIS1010;1 gruppe;3STE;;Nei;
;;Historie Vg3 studieforberedende utdanningsprogram;;;;;
;1STF/SAK1001;SAK1001;1 gruppe;1STF;;Nei;
;;Samfunnskunnskap;;;;;
;1STH/NOR1260;NOR1260;1 gruppe;1STH;;Nei;
;;Norsk, vg1 studieforberedende utdanningsprogram, skriftlig;;;;;
;1STB/NOR1260;NOR1260;1 gruppe;1STB;;Nei;
;;Norsk, vg1 studieforberedende utdanningsprogram, skriftlig;;;;;
;1STC/NOR1260;NOR1260;1 gruppe;1STC;;Nei;
;;Norsk, vg1 studieforberedende utdanningsprogram, skriftlig;;;;;
;1STD/NOR1260;NOR1260;1 gruppe;1STD;;Nei;
;;Norsk, vg1 studieforberedende utdanningsprogram, skriftlig;;;;;
;1STE/NOR1260;NOR1260;1 gruppe;1STE;;Nei;
;;Norsk, vg1 studieforberedende utdanningsprogram, skriftlig;;;;;
;1STF/KRO1017;KRO1017;1 gruppe;1STF;;Nei;
;;Kroppsøving vg1;;;;;
;1STG/SAK1001;SAK1001;1 gruppe;1STG;;Nei;
;;Samfunnskunnskap;;;;;
;1STH/SAK1001;SAK1001;1 gruppe;1STH;;Nei;
;;Samfunnskunnskap;;;;;
;1STC/SAK1001;SAK1001;1 gruppe;1STC;;Nei;
;;Samfunnskunnskap;;;;;
;1STD/SAK1001;SAK1001;1 gruppe;1STD;;Nei;
;;Samfunnskunnskap;;;;;
;1STE/SAK1001;SAK1001;1 gruppe;1STE;;Nei;
;;Samfunnskunnskap;;;;;
;1STF/NAT1007;NAT1007;1 gruppe;1STF;;Nei;
;;Naturfag vg1 studieforberedende utdanningsprogram;;;;;
;1STG/ENG1007;ENG1007;1 gruppe;1STG;;Nei;
;;Engelsk vg1 studieforberedende utdanningsprogram;;;;;
;1STE/NAT1007;NAT1007;1 gruppe;1STE;;Nei;
;;Naturfag vg1 studieforberedende utdanningsprogram;;;;;
;1MKA/NAT1007;NAT1007;1 gruppe;1MKA;;Nei;
;;Naturfag vg1 studieforberedende utdanningsprogram;;;;;
;2MEDA/MED2006;MED2006;1 gruppe;2MEDA;;Nei;
;;Konseptutvikling og kommunikasjon;;;;;
;2MEDA/MED2007;MED2007;1 gruppe;2MEDA;;Nei;
;;Design og visualisering;;;;;
;2MEDA/NOR1262;NOR1262;1 gruppe;2MEDA;;Nei;
;;Norsk, vg2 yrkesfaglige utdanningsprogram;;;;;
;2STA/HIS1009;HIS1009;1 gruppe;2STA;;Nei;
;;Historie vg2 studieforberedende utdanningsprogram;;;;;
;1STC/FSP6221;FSP6221;1 gruppe;1STC;;Nei;
;;Spansk II, 1. år;;;;;
;1STC/NAT1007;NAT1007;1 gruppe;1STC;;Nei;
;;Naturfag vg1 studieforberedende utdanningsprogram;;;;;
;1STH/NAT1007;NAT1007;1 gruppe;1STH;;Nei;
;;Naturfag vg1 studieforberedende utdanningsprogram;;;;;
;1MKA/KRO1017;KRO1017;1 gruppe;1MKA;;Nei;
;;Kroppsøving vg1;;;;;
;1STA/KRO1017;KRO1017;1 gruppe;1STA;;Nei;
;;Kroppsøving vg1;;;;;
;1STB/KRO1017;KRO1017;1 gruppe;1STB;;Nei;
;;Kroppsøving vg1;;;;;
;1STG/GEO1003;GEO1003;1 gruppe;1STG;;Nei;
;;Geografi;;;;;
;1STH/GEO1003;GEO1003;1 gruppe;1STH;;Nei;
;;Geografi;;;;;
;2ITKAB/KRO1018;KRO1018;1 gruppe;2ITKA, 2ITKB;;Nei;
;;Kroppsøving vg2;;;;;
;2ITKA/ITK2003;ITK2003;1 gruppe;2ITKA;;Nei;
;;Utvikling;;;;;
;2ITKAB/SAK1001;SAK1001;1 gruppe;2ITKA, 2ITKB;;Nei;
;;Samfunnskunnskap;;;;;
;2ITKA/ITK2001;ITK2001;1 gruppe;2ITKA;;Nei;
;;Driftsstøtte;;;;;
;2ITKA/ITK2002;ITK2002;1 gruppe;2ITKA;;Nei;
;;Brukerstøtte;;;;;
;2SRLB/YFF4209;YFF4209;1 gruppe;2SRLB;;Nei;
;;Yrkesfaglig fordypning vg2;;;;;
;2MEDA/KRO1018;KRO1018;1 gruppe;2MEDA;;Nei;
;;Kroppsøving vg2;;;;;
;1STE/GEO1003;GEO1003;1 gruppe;1STE;;Nei;
;;Geografi;;;;;
;1STF/GEO1003;GEO1003;1 gruppe;1STF;;Nei;
;;Geografi;;;;;
;3STC/NOR1267;NOR1267;1 gruppe;3STC;;Nei;
;;Norsk hovedmål, vg3 studieforberedende utdanningsprogram, skriftlig;;;;;
;3STH/NOR1267;NOR1267;1 gruppe;3STH;;Nei;
;;Norsk hovedmål, vg3 studieforberedende utdanningsprogram, skriftlig;;;;;
;3PBYA/MAT1151;MAT1151;1 gruppe;3PBYA;;Nei;
;;Matematikk 2P-Y;;;;;
;3STA/NOR1267;NOR1267;1 gruppe;3STA;;Nei;
;;Norsk hovedmål, vg3 studieforberedende utdanningsprogram, skriftlig;;;;;
;3STB/NOR1267;NOR1267;1 gruppe;3STB;;Nei;
;;Norsk hovedmål, vg3 studieforberedende utdanningsprogram, skriftlig;;;;;
;2STD/NOR1264;NOR1264;1 gruppe;2STD;;Nei;
;;Norsk, vg2 studieforberedende utdanningsprogram, skriftlig;;;;;
;3STD/NOR1267;NOR1267;1 gruppe;3STD;;Nei;
;;Norsk hovedmål, vg3 studieforberedende utdanningsprogram, skriftlig;;;;;
;3STF/NOR1267;NOR1267;1 gruppe;3STF;;Nei;
;;Norsk hovedmål, vg3 studieforberedende utdanningsprogram, skriftlig;;;;;
;2STA/NOR1264;NOR1264;1 gruppe;2STA;;Nei;
;;Norsk, vg2 studieforberedende utdanningsprogram, skriftlig;;;;;
;2STB/NOR1264;NOR1264;1 gruppe;2STB;;Nei;
;;Norsk, vg2 studieforberedende utdanningsprogram, skriftlig;;;;;
;2ITKA/YFF4209;YFF4209;1 gruppe;2ITKA;;Nei;
;;Yrkesfaglig fordypning vg2;;;;;
;2STE/NOR1264;NOR1264;1 gruppe;2STE;;Nei;
;;Norsk, vg2 studieforberedende utdanningsprogram, skriftlig;;;;;
;2STF/NOR1264;NOR1264;1 gruppe;2STF;;Nei;
;;Norsk, vg2 studieforberedende utdanningsprogram, skriftlig;;;;;
;1SRB/YFF4106;YFF4106;1 gruppe;1SRB;;Nei;
;;Yrkesfaglig fordypning vg1;;;;;
;2STH/NOR1264;NOR1264;1 gruppe;2STH;;Nei;
;;Norsk, vg2 studieforberedende utdanningsprogram, skriftlig;;;;;
;3STC/KRO1019;KRO1019;1 gruppe;3STC;;Nei;
;;Kroppsøving Vg3;;;;;
;3STE/KRO1019;KRO1019;1 gruppe;3STE;;Nei;
;;Kroppsøving Vg3;;;;;
;3STF/KRO1019;KRO1019;1 gruppe;3STF;;Nei;
;;Kroppsøving Vg3;;;;;
;3STD/KRO1019;KRO1019;1 gruppe;3STD;;Nei;
;;Kroppsøving Vg3;;;;;
;3STC/REL1003;REL1003;1 gruppe;3STC;;Nei;
;;Religion og etikk;;;;;
;3STH/REL1003;REL1003;1 gruppe;3STH;;Nei;
;;Religion og etikk;;;;;
;3STE/REL1003;REL1003;1 gruppe;3STE;;Nei;
;;Religion og etikk;;;;;
;3STF/REL1003;REL1003;1 gruppe;3STF;;Nei;
;;Religion og etikk;;;;;
;3STG/REL1003;REL1003;1 gruppe;3STG;;Nei;
;;Religion og etikk;;;;;
;3STB/KRO1019;KRO1019;1 gruppe;3STB;;Nei;
;;Kroppsøving Vg3;;;;;
;1MKA/ENG1007;ENG1007;1 gruppe;1MKA;;Nei;
;;Engelsk vg1 studieforberedende utdanningsprogram;;;;;
;3STG/KRO1019;KRO1019;1 gruppe;3STG;;Nei;
;;Kroppsøving Vg3;;;;;
;3STH/KRO1019;KRO1019;1 gruppe;3STH;;Nei;
;;Kroppsøving Vg3;;;;;
;Rothaugen 1T/MAT1021;MAT1021;1 gruppe;Rothaugen 1T;;Nei;
;;Matematikk 1T;;;;;
;3STD/REL1003;REL1003;1 gruppe;3STD;;Nei;
;;Religion og etikk;;;;;
;3PBYA/KRO1019;KRO1019;1 gruppe;3PBYA;;Nei;
;;Kroppsøving Vg3;;;;;
;3STB/REL1003;REL1003;1 gruppe;3STB;;Nei;
;;Religion og etikk;;;;;
;1SRA/YFF4106;YFF4106;1 gruppe;1SRA;;Nei;
;;Yrkesfaglig fordypning vg1;;;;;
;3MKA/MOK2010;MOK2010;1 gruppe;3MKA;;Nei;
;;Mediesamfunnet 3;;;;;
;2MKA/MOK2013;MOK2013;1 gruppe;2MKA;;Nei;
;;Medieuttrykk 2;;;;;
;1IMA/MAT1121;MAT1121;1 gruppe;1IMA;;Nei;
;;Matematikk 1P-Y IM;;;;;
;1IMB/IKM1003-1;IKM1003;1 gruppe;1IMB;;Nei;
;;Konseptutvikling og programmering;;;;;
;1SRA/SSR1002;SSR1002;1 gruppe;1SRA;;Nei;
;;Markedsføring og innovasjon;;;;;
;1SRA/MAT1127;MAT1127;1 gruppe;1SRA;;Nei;
;;Matematikk 1P-Y SR;;;;;
;1SRA/NAT1016;NAT1016;1 gruppe;1SRA;;Nei;
;;Naturfag vg1 SR;;;;;
;1SRA/KRO1017;KRO1017;1 gruppe;1SRA;;Nei;
;;Kroppsøving vg1;;;;;
;1SRA/SSR1001;SSR1001;1 gruppe;1SRA;;Nei;
;;Forretningsdrift;;;;;
;1SRA/SSR1003;SSR1003;1 gruppe;1SRA;;Nei;
;;Kultur og samhandling;;;;;
;1IMB/NAT1013;NAT1013;1 gruppe;1IMB;;Nei;
;;Naturfag vg1 IM;;;;;
;2SRLA/SRL2002;SRL2002;1 gruppe;2SRLA;;Nei;
;;Innovasjon og markedsføring;;;;;
;2SRLA/YFF4209;YFF4209;1 gruppe;2SRLA;;Nei;
;;Yrkesfaglig fordypning vg2;;;;;
;1IMB/KRO1017;KRO1017;1 gruppe;1IMB;;Nei;
;;Kroppsøving vg1;;;;;
;1IMA/YFF4106;YFF4106;1 gruppe;1IMA;;Nei;
;;Yrkesfaglig fordypning vg1;;;;;
;2SRLA/SRL2001;SRL2001;1 gruppe;2SRLA;;Nei;
;;Forretningsdrift;;;;;
;2STA/KRO1018;KRO1018;1 gruppe;2STA;;Nei;
;;Kroppsøving vg2;;;;;
;1IMB/MAT1121;MAT1121;1 gruppe;1IMB;;Nei;
;;Matematikk 1P-Y IM;;;;;
;1IMA/NAT1013;NAT1013;1 gruppe;1IMA;;Nei;
;;Naturfag vg1 IM;;;;;
;1IMA/KRO1017;KRO1017;1 gruppe;1IMA;;Nei;
;;Kroppsøving vg1;;;;;
;2STF/KRO1018;KRO1018;1 gruppe;2STF;;Nei;
;;Kroppsøving vg2;;;;;
;2STG/KRO1018;KRO1018;1 gruppe;2STG;;Nei;
;;Kroppsøving vg2;;;;;
;2STH/KRO1018;KRO1018;1 gruppe;2STH;;Nei;
;;Kroppsøving vg2;;;;;
;2MKA/MOK2009;MOK2009;1 gruppe;2MKA;;Nei;
;;Mediesamfunnet 2;;;;;
;3PBYA/HIS1011;HIS1011;1 gruppe;3PBYA;;Nei;
;;Historie Vg3 påbygging til generell studiekompetanse;;;;;
;3MKA/HIS1010;HIS1010;1 gruppe;3MKA;;Nei;
;;Historie Vg3 studieforberedende utdanningsprogram;;;;;
;2STB/KRO1018;KRO1018;1 gruppe;2STB;;Nei;
;;Kroppsøving vg2;;;;;
;2STD/KRO1018;KRO1018;1 gruppe;2STD;;Nei;
;;Kroppsøving vg2;;;;;
;2STC/KRO1018;KRO1018;1 gruppe;2STC;;Nei;
;;Kroppsøving vg2;;;;;
;2STE/KRO1018;KRO1018;1 gruppe;2STE;;Nei;
;;Kroppsøving vg2;;;;;
;2MKA/KRO1018;KRO1018;1 gruppe;2MKA;;Nei;
;;Kroppsøving vg2;;;;;
;1STA/NAT1007;NAT1007;1 gruppe;1STA;;Nei;
;;Naturfag vg1 studieforberedende utdanningsprogram;;;;;
;2MKA/HIS1009;HIS1009;1 gruppe;2MKA;;Nei;
;;Historie vg2 studieforberedende utdanningsprogram;;;;;
;2STC/HIS1009;HIS1009;1 gruppe;2STC;;Nei;
;;Historie vg2 studieforberedende utdanningsprogram;;;;;
;2STH/HIS1009;HIS1009;1 gruppe;2STH;;Nei;
;;Historie vg2 studieforberedende utdanningsprogram;;;;;
;3STA/HIS1010;HIS1010;1 gruppe;3STA;;Nei;
;;Historie Vg3 studieforberedende utdanningsprogram;;;;;
;3STB/HIS1010;HIS1010;1 gruppe;3STB;;Nei;
;;Historie Vg3 studieforberedende utdanningsprogram;;;;;
;3STC/HIS1010;HIS1010;1 gruppe;3STC;;Nei;
;;Historie Vg3 studieforberedende utdanningsprogram;;;;;
;1STB/NAT1007;NAT1007;1 gruppe;1STB;;Nei;
;;Naturfag vg1 studieforberedende utdanningsprogram;;;;;
;3MKA/MOK2014;MOK2014;1 gruppe;3MKA;;Nei;
;;Medieuttrykk 3;;;;;
;2STB/HIS1009;HIS1009;1 gruppe;2STB;;Nei;
;;Historie vg2 studieforberedende utdanningsprogram;;;;;
;1IMA/IKM1002;IKM1002;1 gruppe;1IMA;;Nei;
;;Teknologiforståelse;;;;;
;1IMA/IKM1003-1;IKM1003;1 gruppe;1IMA;;Nei;
;;Konseptutvikling og programmering;;;;;
;1STD/GEO1003;GEO1003;1 gruppe;1STD;;Nei;
;;Geografi;;;;;
;3STA/REL1003;REL1003;1 gruppe;3STA;;Nei;
;;Religion og etikk;;;;;
;1STC/ENG1007;ENG1007;1 gruppe;1STC;;Nei;
;;Engelsk vg1 studieforberedende utdanningsprogram;;;;;
;1STB/ENG1007;ENG1007;1 gruppe;1STB;;Nei;
;;Engelsk vg1 studieforberedende utdanningsprogram;;;;;
;3MKA/REL1003;REL1003;1 gruppe;3MKA;;Nei;
;;Religion og etikk;;;;;
;3PBYA/NAT1018;NAT1018;1 gruppe;3PBYA;;Nei;
;;Naturfag Vg3 påbygging til generell studiekompetanse;;;;;
;1STH/ENG1007;ENG1007;1 gruppe;1STH;;Nei;
;;Engelsk vg1 studieforberedende utdanningsprogram;;;;;
;1STA/GEO1003;GEO1003;1 gruppe;1STA;;Nei;
;;Geografi;;;;;
;1IMA/IKM1001;IKM1001;1 gruppe;1IMA;;Nei;
;;Produksjon og historiefortelling;;;;;
;1STC/GEO1003;GEO1003;1 gruppe;1STC;;Nei;
;;Geografi;;;;;
;1IMA/ENG1009;ENG1009;1 gruppe;1IMA;;Nei;
;;Engelsk vg1 yrkesfaglige utdanningsprogram;;;;;
;1STB/GEO1003;GEO1003;1 gruppe;1STB;;Nei;
;;Geografi;;;;;
;1IMB/IKM1001;IKM1001;1 gruppe;1IMB;;Nei;
;;Produksjon og historiefortelling;;;;;
;1IMB/IKM1002;IKM1002;1 gruppe;1IMB;;Nei;
;;Teknologiforståelse;;;;;
;1STD/ENG1007;ENG1007;1 gruppe;1STD;;Nei;
;;Engelsk vg1 studieforberedende utdanningsprogram;;;;;
;1STE/ENG1007;ENG1007;1 gruppe;1STE;;Nei;
;;Engelsk vg1 studieforberedende utdanningsprogram;;;;;
;3PBYA/NOR1270;NOR1270;1 gruppe;3PBYA;;Nei;
;;Norsk hovedmål, vg3 påbygging til generell studiekompetanse, skriftlig;;;;;
;1STF/ENG1007;ENG1007;1 gruppe;1STF;;Nei;
;;Engelsk vg1 studieforberedende utdanningsprogram;;;;;
;1STG/NAT1007;NAT1007;1 gruppe;1STG;;Nei;
;;Naturfag vg1 studieforberedende utdanningsprogram;;;;;
;1STA/ENG1007;ENG1007;1 gruppe;1STA;;Nei;
;;Engelsk vg1 studieforberedende utdanningsprogram;;;;;
;1SRB/SSR1001;SSR1001;1 gruppe;1SRB;;Nei;
;;Forretningsdrift;;;;;
;1SRB/SSR1003;SSR1003;1 gruppe;1SRB;;Nei;
;;Kultur og samhandling;;;;;
;1SRB/SSR1002;SSR1002;1 gruppe;1SRB;;Nei;
;;Markedsføring og innovasjon;;;;;
;1SRB/NAT1016;NAT1016;1 gruppe;1SRB;;Nei;
;;Naturfag vg1 SR;;;;;
;1SRB/MAT1127;MAT1127;1 gruppe;1SRB;;Nei;
;;Matematikk 1P-Y SR;;;;;
;2MKA/GEO1003;GEO1003;1 gruppe;2MKA;;Nei;
;;Geografi;;;;;
;2SSHA/SSH2001;SSH2001;1 gruppe;2SSHA;;Nei;
;;Sikkerhet;;;;;
;1MKA/MOK2008;MOK2008;1 gruppe;1MKA;;Nei;
;;Mediesamfunnet 1;;;;;
;1MKA/MOK2012;MOK2012;1 gruppe;1MKA;;Nei;
;;Medieuttrykk 1;;;;;
;2SSHA/SSH2003;SSH2003;1 gruppe;2SSHA;;Nei;
;;Kommunikasjon og yrkesutøvelse;;;;;
;2SSHA/SSH2002;SSH2002;1 gruppe;2SSHA;;Nei;
;;Administrasjon og bærekraftig drift;;;;;
;2SSHA/YFF4209;YFF4209;1 gruppe;2SSHA;;Nei;
;;Yrkesfaglig fordypning vg2;;;;;
;1SRA/ENG1009;ENG1009;1 gruppe;1SRA;;Nei;
;;Engelsk vg1 yrkesfaglige utdanningsprogram;;;;;
;2SSHA/SAK1001;SAK1001;1 gruppe;2SSHA;;Nei;
;;Samfunnskunnskap;;;;;
;2SRLA/SRL2003;SRL2003;1 gruppe;2SRLA;;Nei;
;;Kultur og kommunikasjon;;;;;
;1IMB/YFF4106;YFF4106;1 gruppe;1IMB;;Nei;
;;Yrkesfaglig fordypning vg1;;;;;
;1IMB/ENG1009;ENG1009;1 gruppe;1IMB;;Nei;
;;Engelsk vg1 yrkesfaglige utdanningsprogram;;;;;
;2SSHA/NOR1262;NOR1262;1 gruppe;2SSHA;;Nei;
;;Norsk, vg2 yrkesfaglige utdanningsprogram;;;;;
;1SRB/KRO1017;KRO1017;1 gruppe;1SRB;;Nei;
;;Kroppsøving vg1;;;;;
;3MKA/KRO1019;KRO1019;1 gruppe;3MKA;;Nei;
;;Kroppsøving Vg3;;;;;
;3STA/KRO1019;KRO1019;1 gruppe;3STA;;Nei;
;;Kroppsøving Vg3;;;;;
;1SRB/ENG1009;ENG1009;1 gruppe;1SRB;;Nei;
;;Engelsk vg1 yrkesfaglige utdanningsprogram;;;;;
;2MKA/SAK1001;SAK1001;1 gruppe;2MKA;;Nei;
;;Samfunnskunnskap;;;;;
;2SRLAB/KRO1018;KRO1018;1 gruppe;2SRLA, 2SRLB;;Nei;
;;Kroppsøving vg2;;;;;
;2SSHA/KRO1018;KRO1018;1 gruppe;2SSHA;;Nei;
;;Kroppsøving vg2;;;;;
;1STE/IDR3016;IDR3016;1 gruppe;1STE;;Nei;
;;Breddeidrett 1;;;;;
;B1/REA3056 Matematikk R1 Gruppe 3;REA3056;1 gruppe;2MKA, 2STA, 2STB, 2STC, 2STD, 2STE, 2STF, 2STG, 2STH;B1;Nei;
;;Matematikk R1;;;;;
;B3/REA3058-1;REA3058;1 gruppe;3STA, 3STB, 3STC, 3STD, 3STE, 3STF, 3STG, 3STH;B3;Nei;
;;Matematikk R2;;;;;
;B1/REA3058 Matematikk R2 VG2;REA3058;1 gruppe;2MKA, 2STA, 2STB, 2STC, 2STD, 2STE, 2STF, 2STG, 2STH;B1;Nei;
;;Matematikk R2;;;;;
;B4/REA3058-1;REA3058;1 gruppe;3PBYA, 3STA, 3STB, 3STC, 3STD, 3STE, 3STF, 3STG, 3STH;B4;Nei;
;;Matematikk R2;;;;;
;B4/MOK3008-1;MOK3008;1 gruppe;2MKA, 2STA, 2STB, 2STC, 2STD, 2STE, 2STF, 2STG, 2STH, 3MKA, 3STA, 3STB, 3STC, 3STD, 3STE, 3STF, 3STG, 3STH;B4;Nei;
;;Bilde;;;;;
;B5/MOK3010;MOK3010;1 gruppe;3MKA, 3STA, 3STB, 3STC, 3STD, 3STE, 3STF, 3STG, 3STH;B5;Nei;
;;Grafisk design;;;;;
;B3/PSP5820-1;PSP5820;1 gruppe;2STA, 2STB, 2STC, 2STD, 2STE, 2STF, 2STG, 2STH, 3STA, 3STB, 3STC, 3STD, 3STE, 3STF, 3STG, 3STH;B3;Nei;
;;Russisk, nivå I;;;;;
;B4/PSP5850-1;PSP5850;1 gruppe;2MKA, 2STA, 2STB, 2STC, 2STD, 2STE, 2STF, 2STG, 2STH, 3STA, 3STB, 3STC, 3STD, 3STE, 3STF, 3STG, 3STH;B4;Nei;
;;Japansk nivå I;;;;;
;B4/REA3035-1;REA3035;1 gruppe;2MKA, 2STA, 2STB, 2STC, 2STD, 2STE, 2STF, 2STG, 2STH, 3MKA;B4;Nei;
;;Biologi 1;;;;;
;B3/REA3035-1;REA3035;1 gruppe;2STA, 2STB, 2STC, 2STD, 2STE, 2STF, 2STG, 2STH, 3STA, 3STB, 3STC, 3STD, 3STE, 3STF, 3STG, 3STH;B3;Nei;
;;Biologi 1;;;;;
;B2/REA3035-1;REA3035;1 gruppe;2STA, 2STB, 2STC, 2STD, 2STE, 2STF, 2STG, 2STH, 3PBYA;B2;Nei;
;;Biologi 1;;;;;
;B5/SAM3051-1;SAM3051;1 gruppe;3MKA, 3STA, 3STB, 3STC, 3STD, 3STE, 3STF, 3STG, 3STH;B5;Nei;
;;Sosialkunnskap;;;;;
;B3/SAM3055;SAM3055;1 gruppe;2STA, 2STG, 2STH, 3STA, 3STB, 3STC, 3STD, 3STE, 3STF, 3STG, 3STH;B3;Nei;
;;Politikk og menneskerettigheter;;;;;
;B4/SAM3060-1;SAM3060;1 gruppe;2STA, 2STB, 2STC, 2STD, 2STE, 2STF, 2STG, 2STH, 3STA, 3STB, 3STC, 3STD, 3STE, 3STF, 3STG, 3STH;B4;Nei;
;;Samfunnsøkonomi 1;;;;;
;B3/SAM3045-1;SAM3045;1 gruppe;2STA, 2STB, 2STC, 2STD, 2STE, 2STF, 2STG, 2STH, 3STA, 3STB, 3STC, 3STD, 3STE, 3STF, 3STG, 3STH;B3;Nei;
;;Markedsføring og ledelse 1;;;;;
;B2/REA3042;REA3042;1 gruppe;2STA, 2STB, 2STC, 2STD, 2STE, 2STF, 2STG, 2STH;B2;Nei;
;;Geofag 1;;;;;
;B4/IDR3016;IDR3016;1 gruppe;2MKA, 2STA, 2STB, 2STC, 2STD, 2STE, 2STF, 2STG, 2STH, 3MKA, 3STA, 3STB, 3STC, 3STD, 3STE, 3STF, 3STG, 3STH;B4;Nei;
;;Breddeidrett 1;;;;;
;B4/IDR3017;IDR3017;2 grupper;2STA, 2STB, 2STC, 2STD, 2STE, 2STF, 2STG, 2STH, 3MKA, 3STA, 3STB, 3STC, 3STD, 3STE, 3STF, 3STG, 3STH;B4;Nei;
;;Breddeidrett 2;;;;;
;B3/SPR3029-1;SPR3029;1 gruppe;2STA, 2STB, 2STC, 2STD, 2STE, 2STF, 2STG, 2STH, 3STA, 3STB, 3STC, 3STD, 3STE, 3STF, 3STG, 3STH;B3;Nei;
;;Engelsk 1;;;;;
;B3/SAM3058-1;SAM3058;1 gruppe;3STA, 3STB, 3STC, 3STD, 3STE, 3STF, 3STG, 3STH;B3;Nei;
;;Rettslære 2;;;;;
;B4/SAM3058-1;SAM3058;1 gruppe;3MKA, 3STA, 3STB, 3STC, 3STD, 3STE, 3STF, 3STG, 3STH;B4;Nei;
;;Rettslære 2;;;;;
;B5/SAM3058-1;SAM3058;1 gruppe;3MKA, 3STA, 3STB, 3STC, 3STD, 3STE, 3STF, 3STG, 3STH;B5;Nei;
;;Rettslære 2;;;;;
;B5/REA3036-1;REA3036;1 gruppe;3STA, 3STB, 3STC, 3STD, 3STE, 3STF, 3STG, 3STH;B5;Nei;
;;Biologi 2;;;;;
;B4/REA3036;REA3036;1 gruppe;3STA, 3STB, 3STC, 3STD, 3STE, 3STF, 3STG, 3STH;B4;Nei;
;;Biologi 2;;;;;
;B4/SAM3072-1;SAM3072;1 gruppe;2MKA, 2STA, 2STB, 2STC, 2STD, 2STE, 2STF, 2STG, 2STH, 3STA, 3STB, 3STC, 3STD, 3STE, 3STF, 3STG, 3STH;B4;Nei;
;;Psykologi 1;;;;;
;B2/SAM3072-1;SAM3072;1 gruppe;2STA, 2STB, 2STC, 2STD, 2STE, 2STF, 2STG, 2STH, 3PBYA;B2;Nei;
;;Psykologi 1;;;;;
;B3/REA3038-1;REA3038;1 gruppe;2STA, 2STB, 2STC, 2STD, 2STE, 2STF, 2STG, 2STH;B3;Nei;
;;Fysikk 1;;;;;
;B3/REA3038-2;REA3038;1 gruppe;2STA, 2STB, 2STC, 2STD, 2STE, 2STF, 2STG, 2STH, 3STA, 3STB, 3STC, 3STD, 3STE, 3STF, 3STG, 3STH;B3;Nei;
;;Fysikk 1;;;;;
;B4/REA3038-1;REA3038;1 gruppe;2STA, 2STB, 2STC, 2STD, 2STE, 2STF, 2STG, 2STH, 3STA, 3STB, 3STC, 3STD, 3STE, 3STF, 3STG, 3STH;B4;Nei;
;;Fysikk 1;;;;;
;B4/IDR3013-1;IDR3013;1 gruppe;1STA, 1STB, 2STA, 2STB, 2STC, 2STD, 2STE, 2STF, 2STG, 2STH;B4;Nei;
;;Toppidrett 1;;;;;
;B3/IDR3013-1;IDR3013;1 gruppe;1STH, 3STA, 3STB, 3STC, 3STD, 3STE, 3STF, 3STG, 3STH;B3;Nei;
;;Toppidrett 1;;;;;
;B4/IDR3014-1;IDR3014;1 gruppe;2STA, 2STB, 2STC, 2STD, 2STE, 2STF, 2STG, 2STH, 3STA, 3STB, 3STC, 3STD, 3STE, 3STF, 3STG, 3STH;B4;Nei;
;;Toppidrett 2;;;;;
;B3/IDR3014-1;IDR3014;1 gruppe;3STA, 3STB, 3STC, 3STD, 3STE, 3STF, 3STG, 3STH;B3;Nei;
;;Toppidrett 2;;;;;
;B3/REA3049-1;REA3049;1 gruppe;3STA, 3STB, 3STC, 3STD, 3STE, 3STF, 3STG, 3STH;B3;Nei;
;;Informasjonsteknologi 2;;;;;
;B4/SAM3054-1;SAM3054;1 gruppe;2MKA, 2STA, 2STB, 2STC, 2STD, 2STE, 2STF, 2STG, 2STH, 3STA, 3STB, 3STC, 3STD, 3STE, 3STF, 3STG, 3STH;B4;Nei;
;;Sosiologi og sosialantropologi;;;;;
;B2/SAM3054-1;SAM3054;1 gruppe;2STA, 2STB, 2STC, 2STD, 2STE, 2STF, 2STG, 2STH, 3PBYA;B2;Nei;
;;Sosiologi og sosialantropologi;;;;;
;B4/PSP5844-1;PSP5844;1 gruppe;2MKA, 2STA, 2STB, 2STC, 2STD, 2STE, 2STF, 2STG, 2STH, 3MKA, 3STA, 3STB, 3STC, 3STD, 3STE, 3STF, 3STG, 3STH;B4;Nei;
;;Italiensk nivå I;;;;;
;B2/SAM3068-1;SAM3068;1 gruppe;2STA, 2STB, 2STC, 2STD, 2STE, 2STF, 2STG, 2STH, 3PBYA;B2;Nei;
;;Økonomistyring;;;;;
;B3/SAM3068-1;SAM3068;1 gruppe;2STA, 2STB, 2STC, 2STD, 2STE, 2STF, 2STG, 2STH;B3;Nei;
;;Økonomistyring;;;;;
;B3/REA3052;REA3052;1 gruppe;1STG, 2STA, 2STB, 2STC, 2STD, 2STE, 2STF, 2STG, 2STH, 3STA, 3STB, 3STC, 3STD, 3STE, 3STF, 3STG, 3STH;B3;Nei;
;;Teknologi og forskningslære 1;;;;;
;B4/REA3053;REA3053;1 gruppe;2STA, 2STB, 2STC, 2STD, 2STE, 2STF, 2STG, 2STH, 3STA, 3STB, 3STC, 3STD, 3STE, 3STF, 3STG, 3STH;B4;Nei;
;;Teknologi og forskningslære 2;;;;;
;B2/SAM3063-1;SAM3063;1 gruppe;2STA, 2STB, 2STC, 2STD, 2STE, 2STF, 2STG, 2STH, 3PBYA;B2;Nei;
;;Entreprenørskap og bedriftsutvikling 1;;;;;
;B3/SAM3064-1;SAM3064;1 gruppe;2STA, 2STB, 2STC, 2STD, 2STE, 2STF, 2STG, 2STH, 3STA, 3STB, 3STC, 3STD, 3STE, 3STF, 3STG, 3STH;B3;Nei;
;;Entreprenørskap og bedriftsutvikling 2;;;;;
;B2/SAM3057-1;SAM3057;1 gruppe;2STA, 2STB, 2STC, 2STD, 2STE, 2STF, 2STG, 2STH, 3PBYA;B2;Nei;
;;Rettslære 1;;;;;
;B3/SAM3057-1;SAM3057;1 gruppe;2STA, 2STB, 2STC, 2STD, 2STE, 2STF, 2STG, 2STH;B3;Nei;
;;Rettslære 1;;;;;
;B4/SAM3057-1;SAM3057;1 gruppe;2MKA, 2STA, 2STB, 2STC, 2STD, 2STE, 2STF, 2STG, 2STH, 3STA, 3STB, 3STC, 3STD, 3STE, 3STF, 3STG, 3STH;B4;Nei;
;;Rettslære 1;;;;;
;B4/SAM3073;SAM3073;1 gruppe;3STA, 3STB, 3STC, 3STD, 3STE, 3STF, 3STG, 3STH;B4;Nei;
;;Psykologi 2;;;;;
;B5/SAM3073-1;SAM3073;1 gruppe;3STA, 3STB, 3STC, 3STD, 3STE, 3STF, 3STG, 3STH;B5;Nei;
;;Psykologi 2;;;;;
;B4/SAM3042-1;SAM3042;1 gruppe;2MKA, 2STA, 2STB, 2STC, 2STD, 2STE, 2STF, 2STG, 2STH, 3MKA, 3PBYA, 3STA, 3STB, 3STC, 3STD, 3STE, 3STF, 3STG, 3STH;B4;Nei;
;;Historie og filosofi 1;;;;;
;B2/REA3045;REA3045;1 gruppe;2STA, 2STB, 2STC, 2STD, 2STE, 2STF, 2STG, 2STH, 3PBYA;B2;Nei;
;;Kjemi 1;;;;;
;B4/REA3045-1;REA3045;1 gruppe;2STA, 2STB, 2STC, 2STD, 2STE, 2STF, 2STG, 2STH;B4;Nei;
;;Kjemi 1;;;;;
;B3/REA3045-1;REA3045;1 gruppe;2STA, 2STB, 2STC, 2STD, 2STE, 2STF, 2STG, 2STH;B3;Nei;
;;Kjemi 1;;;;;
;B3/REA3043;REA3043;1 gruppe;3STA, 3STB, 3STC, 3STD, 3STE, 3STF, 3STG, 3STH;B3;Nei;
;;Geofag 2;;;;;
;B3/SAM3070-1;SAM3070;1 gruppe;2STA, 2STB, 2STC, 2STD, 2STE, 2STF, 2STG, 2STH, 3STA, 3STB, 3STC, 3STD, 3STE, 3STF, 3STG, 3STH;B3;Nei;
;;Økonomi og ledelse;;;;;
;B3/SPR3031;SPR3031;1 gruppe;2STA, 2STB, 2STC, 2STD, 2STE, 2STF, 2STG, 2STH, 3STA, 3STB, 3STC, 3STD, 3STE, 3STF, 3STG, 3STH;B3;Nei;
;;Engelsk 2;;;;;
;B4/PSP5852-1;PSP5852;1 gruppe;3MKA, 3STA, 3STB, 3STC, 3STD, 3STE, 3STF, 3STG, 3STH;B4;Nei;
;;Japansk nivå II;;;;;
;B4/SAM3061;SAM3061;1 gruppe;3STA, 3STB, 3STC, 3STD, 3STE, 3STF, 3STG, 3STH;B4;Nei;
;;Samfunnsøkonomi 2;;;;;
;B5/REA3039-1;REA3039;1 gruppe;3STA, 3STB, 3STC, 3STD, 3STE, 3STF, 3STG, 3STH;B5;Nei;
;;Fysikk 2;;;;;
;B4/REA3039-1;REA3039;1 gruppe;3STA, 3STB, 3STC, 3STD, 3STE, 3STF, 3STG, 3STH;B4;Nei;
;;Fysikk 2;;;;;
;B5/SAM3043;SAM3043;1 gruppe;3STA, 3STB, 3STC, 3STD, 3STE, 3STF, 3STG, 3STH;B5;Nei;
;;Historie og filosofi 2;;;;;
;B5/REA3058;REA3058;1 gruppe;3STA, 3STB, 3STC, 3STD, 3STE, 3STF, 3STG, 3STH;B5;Nei;
;;Matematikk R2;;;;;
;B5/PSP5830;PSP5830;1 gruppe;3MKA, 3STA, 3STB, 3STC, 3STD, 3STE, 3STF, 3STG, 3STH;B5;Nei;
;;Spansk nivå III;;;;;
;B4/IDR3018-1;IDR3018;1 gruppe;3STA, 3STB, 3STC, 3STD, 3STE, 3STF, 3STG, 3STH;B4;Nei;
;;Breddeidrett 3;;;;;
;B4/IDR3015-1;IDR3015;1 gruppe;3STA, 3STB, 3STC, 3STD, 3STE, 3STF, 3STG, 3STH;B4;Nei;
;;Toppidrett 3;;;;;
;B3/IDR3015-1;IDR3015;1 gruppe;3STA, 3STB, 3STC, 3STD, 3STE, 3STF, 3STG, 3STH;B3;Nei;
;;Toppidrett 3;;;;;
;B3/REA3046-1;REA3046;1 gruppe;3STA, 3STB, 3STC, 3STD, 3STE, 3STF, 3STG, 3STH;B3;Nei;
;;Kjemi 2;;;;;
;B5/REA3046-1;REA3046;1 gruppe;3STA, 3STB, 3STC, 3STD, 3STE, 3STF, 3STG, 3STH;B5;Nei;
;;Kjemi 2;;;;;
;B3/PSP5822-1;PSP5822;1 gruppe;3STA, 3STB, 3STC, 3STD, 3STE, 3STF, 3STG, 3STH;B3;Nei;
;;Russisk nivå II;;;;;
;B4/PSP5800;PSP5800;1 gruppe;3MKA, 3STA, 3STB, 3STC, 3STD, 3STE, 3STF, 3STG, 3STH;B4;Nei;
;;Fransk nivå III;;;;;
;B3/SAM3046;SAM3046;1 gruppe;3STA, 3STB, 3STC, 3STD, 3STE, 3STF, 3STG, 3STH;B3;Nei;
;;Markedsføring og ledelse 2;;;;;
;B5/PSP5864-1;PSP5864;1 gruppe;3MKA, 3STA, 3STB, 3STC, 3STD, 3STE, 3STF, 3STG, 3STH;B5;Nei;
;;Kinesisk nivå II;;;;;
;B3/PSP5842-1;PSP5842;1 gruppe;3STA, 3STB, 3STC, 3STD, 3STE, 3STF, 3STG, 3STH;B3;Nei;
;;Tysk nivå III;;;;;
;B5/FSP6226-1;FSP6226;2 grupper;3STA, 3STB, 3STC, 3STD, 3STE, 3STF, 3STG, 3STH;B5;Nei;
;;Spansk I+II;;;;;
;B5/FSP6246;FSP6246;2 grupper;3MKA, 3STA, 3STB, 3STC, 3STD, 3STE, 3STF, 3STG, 3STH;B5;Nei;
;;Tysk I+II;;;;;
;B5/FSP6296;FSP6296;1 gruppe;3MKA, 3STA, 3STB, 3STC, 3STD, 3STE, 3STF, 3STG, 3STH;B5;Nei;
;;Kinesisk I+II;;;;;
;B2/MAT1019 Matematikk 1P Gruppe 3;MAT1019;1 gruppe;1MKA, 1STG, 1STH;B2;Nei;
;;Matematikk 1P;;;;;
;B2/MAT1021 Matematikk 1T Gruppe 2;MAT1021;1 gruppe;1STB;B2;Nei;
;;Matematikk 1T;;;;;
;1SRC/MAT1127;MAT1127;1 gruppe;1SRC;;Nei;
;;Matematikk 1P-Y SR;;;;;
;1SRC/NAT1016;NAT1016;1 gruppe;1SRC;;Nei;
;;Naturfag vg1 SR;;;;;
;1SRC/ENG1009;ENG1009;1 gruppe;1SRC;;Nei;
;;Engelsk vg1 yrkesfaglige utdanningsprogram;;;;;
;1SRC/KRO1017;KRO1017;1 gruppe;1SRC;;Nei;
;;Kroppsøving vg1;;;;;
;1SRC/SSR1001;SSR1001;1 gruppe;1SRC;;Nei;
;;Forretningsdrift;;;;;
;1SRC/SSR1002;SSR1002;1 gruppe;1SRC;;Nei;
;;Markedsføring og innovasjon;;;;;
;1SRC/SSR1003;SSR1003;1 gruppe;1SRC;;Nei;
;;Kultur og samhandling;;;;;
;1SRC/YFF4106;YFF4106;1 gruppe;1SRC;;Nei;
;;Yrkesfaglig fordypning vg1;;;;;
;B2/REA3056 R1 VG1;REA3056;1 gruppe;1MKA, 1STA, 1STB, 1STC, 1STD, 1STE, 1STF, 1STG, 1STH, 3PBYA;B2;Nei;
;;Matematikk R1;;;;;
;FSP VG1 KINESISK I/FSP6288;FSP6288;1 gruppe;1MKA, 1STA, 1STB, 1STD, 1STE, 1STF, 1STG, 1STH;FSP VG1;Nei;
;;Kinesisk I, 1. år;;;;;
;FSP VG1 TYSK I/FSP6238;FSP6238;1 gruppe;1MKA, 1STA, 1STB, 1STD, 1STE, 1STF, 1STG, 1STH;FSP VG1;Nei;
;;Tysk I, 1. år;;;;;
;FSP VG1/FSP6151 Fransk II Gruppe 2;FSP6151;1 gruppe;1MKA, 1STF, 1STG, 1STH;FSP VG1;Nei;
;;Fransk II, 1. år;;;;;
;FSP VG1/FSP6221 Spansk II Gruppe 3;FSP6221;1 gruppe;1MKA, 1STG, 1STH;FSP VG1;Nei;
;;Spansk II, 1. år;;;;;
;FSP VG1/FSP6241 Tysk II Gruppe 2;FSP6241;1 gruppe;1MKA, 1STF, 1STG, 1STH;FSP VG1;Nei;
;;Tysk II, 1. år;;;;;
;FSP VG2 TYSK I/FSP6239;FSP6239;1 gruppe;2MKA, 2STA, 2STB, 2STD, 2STE, 2STF, 2STG, 2STH;FSP VG2;Nei;
;;Tysk I;;;;;
;FSP VG2 KINESISK I/FSP6289;FSP6289;1 gruppe;2MKA, 2STA, 2STB, 2STD, 2STE, 2STF, 2STG, 2STH;FSP VG2;Nei;
;;Kinesisk I;;;;;
;FSP VG2/FSP6152 Fransk II Gruppe 2;FSP6152;1 gruppe;2MKA, 2STA, 2STB, 2STD, 2STE, 2STF, 2STG, 2STH;FSP VG2;Nei;
;;Fransk II;;;;;
;FSP VG2/FSP6222 SPANSK II Gruppe 2;FSP6222;1 gruppe;2MKA, 2STA, 2STB, 2STD, 2STE, 2STF, 2STG, 2STH;FSP VG2;Nei;
;;Spansk II;;;;;
;FSP VG2/FSP6242 TYSK II Gruppe 1;FSP6242;1 gruppe;2MKA, 2STA, 2STB, 2STD, 2STE, 2STF, 2STG, 2STH;FSP VG2;Nei;
;;Tysk II;;;;;
;1STA/NOR1260;NOR1260;1 gruppe;1STA;;Nei;
;;Norsk, vg1 studieforberedende utdanningsprogram, skriftlig;;;;;
;1STF/NOR1260;NOR1260;1 gruppe;1STF;;Nei;
;;Norsk, vg1 studieforberedende utdanningsprogram, skriftlig;;;;;
;1STG/NOR1260;NOR1260;1 gruppe;1STG;;Nei;
;;Norsk, vg1 studieforberedende utdanningsprogram, skriftlig;;;;;
;1MKA/NOR1260;NOR1260;1 gruppe;1MKA;;Nei;
;;Norsk, vg1 studieforberedende utdanningsprogram, skriftlig;;;;;
;2SRLA/NOR1262;NOR1262;1 gruppe;2SRLA;;Nei;
;;Norsk, vg2 yrkesfaglige utdanningsprogram;;;;;
;2ITKA/NOR1262;NOR1262;1 gruppe;2ITKA;;Nei;
;;Norsk, vg2 yrkesfaglige utdanningsprogram;;;;;
;2MKA/NOR1264;NOR1264;1 gruppe;2MKA;;Nei;
;;Norsk, vg2 studieforberedende utdanningsprogram, skriftlig;;;;;
;2STG/NOR1264;NOR1264;1 gruppe;2STG;;Nei;
;;Norsk, vg2 studieforberedende utdanningsprogram, skriftlig;;;;;
;2STC/NOR1264;NOR1264;1 gruppe;2STC;;Nei;
;;Norsk, vg2 studieforberedende utdanningsprogram, skriftlig;;;;;
;3MKA/NOR1267;NOR1267;1 gruppe;3MKA;;Nei;
;;Norsk hovedmål, vg3 studieforberedende utdanningsprogram, skriftlig;;;;;
;3STG/NOR1267;NOR1267;1 gruppe;3STG;;Nei;
;;Norsk hovedmål, vg3 studieforberedende utdanningsprogram, skriftlig;;;;;
;3STE/NOR1267;NOR1267;1 gruppe;3STE;;Nei;
;;Norsk hovedmål, vg3 studieforberedende utdanningsprogram, skriftlig;;;;;
;2STC/FSP6222;FSP6222;1 gruppe;2STC;;Nei;
;;Spansk II;;;;;
;2SRLB/NOR1262;NOR1262;1 gruppe;2SRLB;;Nei;
;;Norsk, vg2 yrkesfaglige utdanningsprogram;;;;;
;B2/MAT1021 Matematikk 1T Gruppe 1;MAT1021;1 gruppe;1STA;B2;Nei;
;;Matematikk 1T;;;;;
;B2/MAT1021 Matematikk 1T Gruppe 3;MAT1021;1 gruppe;1STC;B2;Nei;
;;Matematikk 1T;;;;;
;B2/MAT1021 Matematikk 1T Gruppe 4;MAT1021;1 gruppe;1STD;B2;Nei;
;;Matematikk 1T;;;;;
;B2/MAT1021 Matematikk 1T Gruppe 8;MAT1021;1 gruppe;1STH;B2;Nei;
;;Matematikk 1T;;;;;
;B2/MAT1021 Matematikk 1T Gruppe 6;MAT1021;1 gruppe;1STF;B2;Nei;
;;Matematikk 1T;;;;;
;B2/MAT1021 Matematikk 1T Gruppe 7;MAT1021;1 gruppe;1STG;B2;Nei;
;;Matematikk 1T;;;;;
;B2/MAT1021 Matematikk 1T Gruppe 5;MAT1021;1 gruppe;1MKA, 1STE;B2;Nei;
;;Matematikk 1T;;;;;
;B2/MAT1019 Matematikk 1P Gruppe 1;MAT1019;1 gruppe;1STA, 1STB, 1STC;B2;Nei;
;;Matematikk 1P;;;;;
;B2/MAT1019 Matematikk 1P Gruppe 2;MAT1019;1 gruppe;1STD, 1STE, 1STF;B2;Nei;
;;Matematikk 1P;;;;;
;FSP VG1/FSP6151 Fransk II Gruppe 1;FSP6151;1 gruppe;1STA, 1STB, 1STD, 1STE;FSP VG1;Nei;
;;Fransk II, 1. år;;;;;
;FSP VG1/FSP6241 Tysk II Gruppe 1;FSP6241;1 gruppe;1STA, 1STB, 1STD, 1STE;FSP VG1;Nei;
;;Tysk II, 1. år;;;;;
;FSP VG1/FSP6221 Spansk II Gruppe 1;FSP6221;1 gruppe;1STA, 1STB, 1STD;FSP VG1;Nei;
;;Spansk II, 1. år;;;;;
;FSP VG1/FSP6221 Spansk II Gruppe 2;FSP6221;1 gruppe;1STE, 1STF;FSP VG1;Nei;
;;Spansk II, 1. år;;;;;
;FSP VG2/FSP6152 Fransk II Gruppe 1;FSP6152;1 gruppe;2MKA, 2STA, 2STB, 2STD, 2STE, 2STF, 2STG, 2STH;FSP VG2;Nei;
;;Fransk II;;;;;
;FSP VG2/FSP6222 Spansk II Gruppe 1;FSP6222;1 gruppe;2MKA, 2STA, 2STB, 2STD, 2STE, 2STF, 2STG, 2STH;FSP VG2;Nei;
;;Spansk II;;;;;
;FSP VG2/FSP6222 Spansk II Gruppe 3;FSP6222;1 gruppe;2MKA, 2STA, 2STB, 2STD, 2STE, 2STF, 2STG, 2STH;FSP VG2;Nei;
;;Spansk II;;;;;
;FSP VG2/FSP6242 Tysk II Gruppe 2;FSP6242;1 gruppe;2MKA, 2STA, 2STB, 2STD, 2STE, 2STF, 2STG, 2STH;FSP VG2;Nei;
;;Tysk II;;;;;
;B1/MAT1023 Matematikk 2P Gruppe 1;MAT1023;1 gruppe;2MKA, 2STA, 2STB, 2STC, 2STD, 2STE, 2STF, 2STG, 2STH;B1;Nei;
;;Matematikk 2P;;;;;
;B1/MAT1023 Matematikk 2P Gruppe 2;MAT1023;1 gruppe;2MKA, 2STA, 2STB, 2STC, 2STD, 2STE, 2STF, 2STG, 2STH;B1;Nei;
;;Matematikk 2P;;;;;
;B1/MAT1023 Matematikk 2P Gruppe 3;MAT1023;1 gruppe;2MKA, 2STA, 2STB, 2STC, 2STD, 2STE, 2STF, 2STG, 2STH;B1;Nei;
;;Matematikk 2P;;;;;
;B1/MAT1023 Matematikk 2P Gruppe 4;MAT1023;1 gruppe;2MKA, 2STA, 2STB, 2STC, 2STD, 2STE, 2STF, 2STG, 2STH;B1;Nei;
;;Matematikk 2P;;;;;
;B1/REA3056 Matematikk R1 Gruppe 1;REA3056;1 gruppe;2MKA, 2STA, 2STB, 2STC, 2STD, 2STE, 2STF, 2STG, 2STH;B1;Nei;
;;Matematikk R1;;;;;
;B1/REA3056 Matematikk R1 Gruppe 2;REA3056;1 gruppe;2MKA, 2STA, 2STB, 2STC, 2STD, 2STE, 2STF, 2STG, 2STH;B1;Nei;
;;Matematikk R1;;;;;
;B1/REA3056 Matematikk R1 Gruppe 5;REA3056;1 gruppe;2MKA, 2STA, 2STB, 2STC, 2STD, 2STE, 2STF, 2STG, 2STH;B1;Nei;
;;Matematikk R1;;;;;
;B1/REA3056 Matematikk R1 Gruppe 4;REA3056;1 gruppe;2MKA, 2STA, 2STB, 2STC, 2STD, 2STE, 2STF, 2STG, 2STH;B1;Nei;
;;Matematikk R1;;;;;
;FSP VG2 TYSK I+II/FSP6245;FSP6245;1 gruppe;2MKA, 2STA, 2STB, 2STD, 2STE, 2STF, 2STG, 2STH;FSP VG2;Nei;
;;Tysk I+II, 2. år;;;;;
;B4/PSP5851;PSP5851;0 grupper;2MKA, 2STA, 2STB, 2STC, 2STD, 2STE, 2STF, 2STG, 2STH, 3MKA, 3PBYA, 3STA, 3STB, 3STC, 3STD, 3STE, 3STF, 3STG, 3STH;B4;Nei;
;;Japansk nivå I, muntlig;;;;;
;B4/PSP5853;PSP5853;0 grupper;2MKA, 2STA, 2STB, 2STC, 2STD, 2STE, 2STF, 2STG, 2STH, 3MKA, 3PBYA, 3STA, 3STB, 3STC, 3STD, 3STE, 3STF, 3STG, 3STH;B4;Nei;
;;Japansk nivå II, muntlig;;;;;
;B5/PSP5865;PSP5865;0 grupper;3MKA, 3STA, 3STB, 3STC, 3STD, 3STE, 3STF, 3STG, 3STH;B5;Nei;
;;Kinesisk nivå II, muntlig;;;;;
;B3/PSP5821;PSP5821;0 grupper;2STA, 2STB, 2STC, 2STD, 2STE, 2STF, 2STG, 2STH, 3STA, 3STB, 3STC, 3STD, 3STE, 3STF, 3STG, 3STH;B3;Nei;
;;Russisk nivå I, muntlig;;;;;
;B3/PSP5823;PSP5823;0 grupper;3STA, 3STB, 3STC, 3STD, 3STE, 3STF, 3STG, 3STH;B3;Nei;
;;Russisk nivå II, muntlig;;;;;
;B4/PSP5801;PSP5801;0 grupper;3MKA, 3STA, 3STB, 3STC, 3STD, 3STE, 3STF, 3STG, 3STH;B4;Nei;
;;Fransk nivå III, muntlig;;;;;
;B3/PSP5843;PSP5843;0 grupper;3STA, 3STB, 3STC, 3STD, 3STE, 3STF, 3STG, 3STH;B3;Nei;
;;Tysk nivå III, muntlig;;;;;
;B5/PSP5831;PSP5831;0 grupper;3MKA, 3STA, 3STB, 3STC, 3STD, 3STE, 3STF, 3STG, 3STH;B5;Nei;
;;Spansk nivå III, muntlig;;;;;
;VG1/NOR3001;NOR3001;1 gruppe;1MKA, 1STA, 1STB, 1STD, 1STE, 1STF, 1STG, 1STH;;Nei;
;;Norsk, styrket opplæring, vg1;;;;;
;FSP VG2/FSP6294;FSP6294;1 gruppe;2MKA, 2STA, 2STB, 2STD, 2STE, 2STF, 2STG, 2STH;FSP VG2;Nei;
;;Kinesisk I+II, 2. år;;;;;
;FSP VG2 SPANSK I+II/FSP6225;FSP6225;1 gruppe;2STD;FSP VG2;Nei;
;;Spansk I+II, 2. år;;;;;
;FSP VG1 KINESISK I+II/FSP6295;FSP6295;1 gruppe;1MKA, 1STA, 1STB, 1STD, 1STE, 1STF, 1STG, 1STH;FSP VG1;Nei;
;;Kinesisk I+II, 1. år;;;;;
;FSP VG1 TYSK I+II/FSP6244;FSP6244;1 gruppe;1MKA, 1STA, 1STB, 1STD, 1STE, 1STF, 1STG, 1STH;FSP VG1;Nei;
;;Tysk I+II, 1. år;;;;;
;B3/SPR3030;SPR3030;0 grupper;2STA, 2STB, 2STC, 2STD, 2STE, 2STF, 2STG, 2STH, 3PBYA, 3STA, 3STB, 3STC, 3STD, 3STE, 3STF, 3STG, 3STH;B3;Nei;
;;Engelsk 1, muntlig;;;;;
;B3/SPR3032;SPR3032;0 grupper;2STA, 2STB, 2STC, 2STD, 2STE, 2STF, 2STG, 2STH, 3STA, 3STB, 3STC, 3STD, 3STE, 3STF, 3STG, 3STH;B3;Nei;
;;Engelsk 2, muntlig;;;;;
;Vg1-YF/NOR3001;NOR3001;1 gruppe;1IMA, 1IMB, 1SRA, 1SRB, 1SRC;B6;Nei;
;;Norsk, styrket opplæring, vg1;;;;;
;1MKA/NOR1412;NOR1412;1 gruppe;1MKA;;Nei;
;;Norsk for elever i vgo med kort botid i Norge, vg1 studieforberedende utdanningsprogram, skriftlig;;;;;
;1MKA/NOR1413;NOR1413;0 grupper;1MKA;;Nei;
;;Norsk for elever i vgo med kort botid i Norge, vg1 studieforberedende utdanningsprogram, muntlig;;;;;
;1STB/NOR1412;NOR1412;1 gruppe;1STB;;Nei;
;;Norsk for elever i vgo med kort botid i Norge, vg1 studieforberedende utdanningsprogram, skriftlig;;;;;
;1STB/NOR1413;NOR1413;0 grupper;1STB;;Nei;
;;Norsk for elever i vgo med kort botid i Norge, vg1 studieforberedende utdanningsprogram, muntlig;;;;;
;1STD/NOR1412;NOR1412;1 gruppe;1STD;;Nei;
;;Norsk for elever i vgo med kort botid i Norge, vg1 studieforberedende utdanningsprogram, skriftlig;;;;;
;1STD/NOR1413;NOR1413;0 grupper;1STD;;Nei;
;;Norsk for elever i vgo med kort botid i Norge, vg1 studieforberedende utdanningsprogram, muntlig;;;;;
;1STF/NOR1412;NOR1412;1 gruppe;1STF;;Nei;
;;Norsk for elever i vgo med kort botid i Norge, vg1 studieforberedende utdanningsprogram, skriftlig;;;;;
;1STF/NOR1413;NOR1413;0 grupper;1STF;;Nei;
;;Norsk for elever i vgo med kort botid i Norge, vg1 studieforberedende utdanningsprogram, muntlig;;;;;
;1STG/NOR1412;NOR1412;1 gruppe;1STG;;Nei;
;;Norsk for elever i vgo med kort botid i Norge, vg1 studieforberedende utdanningsprogram, skriftlig;;;;;
;1STG/NOR1413;NOR1413;0 grupper;1STG;;Nei;
;;Norsk for elever i vgo med kort botid i Norge, vg1 studieforberedende utdanningsprogram, muntlig;;;;;
;1STH/NOR1412;NOR1412;1 gruppe;1STH;;Nei;
;;Norsk for elever i vgo med kort botid i Norge, vg1 studieforberedende utdanningsprogram, skriftlig;;;;;
;1STH/NOR1413;NOR1413;0 grupper;1STH;;Nei;
;;Norsk for elever i vgo med kort botid i Norge, vg1 studieforberedende utdanningsprogram, muntlig;;;;;
;2STF/NOR1414;NOR1414;1 gruppe;2STF;;Nei;
;;Norsk for elever i vgo med kort botid i Norge, vg2 studieforberedende utdanningsprogram, skriftlig;;;;;
;2STF/NOR1416;NOR1416;0 grupper;2STF;;Nei;
;;Norsk for elever i vgo med kort botid i Norge, vg2 studieforberedende utdanningsprogram, muntlig;;;;;
;2STG/NOR1414;NOR1414;1 gruppe;2STG;;Nei;
;;Norsk for elever i vgo med kort botid i Norge, vg2 studieforberedende utdanningsprogram, skriftlig;;;;;
;2STG/NOR1416;NOR1416;0 grupper;2STG;;Nei;
;;Norsk for elever i vgo med kort botid i Norge, vg2 studieforberedende utdanningsprogram, muntlig;;;;;
;2STA/NOR1414;NOR1414;1 gruppe;2STA;;Nei;
;;Norsk for elever i vgo med kort botid i Norge, vg2 studieforberedende utdanningsprogram, skriftlig;;;;;
;2STA/NOR1416;NOR1416;0 grupper;2STA;;Nei;
;;Norsk for elever i vgo med kort botid i Norge, vg2 studieforberedende utdanningsprogram, muntlig;;;;;
;2ITKB/NOR1418;NOR1418;1 gruppe;2ITKB;;Nei;
;;Norsk for elever i vgo med kort botid i Norge, vg2 yrkesfaglige utdanningsprogram;;;;;
;3STB/NOR1420;NOR1420;1 gruppe;3STB;;Nei;
;;Norsk for elever i vgo med kort botid i Norge, Vg3 studieforberedende utdanningsprogram, skriftlig;;;;;
;3STB/NOR1421;NOR1421;0 grupper;3STB;;Nei;
;;Norsk for elever i vgo med kort botid i Norge, Vg3 studieforberedende utdanningsprogram, muntlig;;;;;
;3STC/NOR1420;NOR1420;1 gruppe;3STC;;Nei;
;;Norsk for elever i vgo med kort botid i Norge, Vg3 studieforberedende utdanningsprogram, skriftlig;;;;;
;3STC/NOR1421;NOR1421;0 grupper;3STC;;Nei;
;;Norsk for elever i vgo med kort botid i Norge, Vg3 studieforberedende utdanningsprogram, muntlig;;;;;
;B4/PSP5845;PSP5845;0 grupper;2MKA, 2STA, 2STB, 2STC, 2STD, 2STE, 2STF, 2STG, 2STH, 3MKA, 3PBYA, 3STA, 3STB, 3STC, 3STD, 3STE, 3STF, 3STG, 3STH;B4;Nei;
;;Italiensk nivå I, muntlig;;;;;
;B1/REA3060 Matematikk S1;REA3060;1 gruppe;2MKA, 2STA, 2STB, 2STC, 2STD, 2STE, 2STF, 2STG, 2STH;B1;Nei;
;;Matematikk S1;;;;;
;B2/REA3038;REA3038;1 gruppe;2STA, 2STB, 2STC, 2STD, 2STE, 2STF, 2STG, 2STH;B2;Nei;
;;Fysikk 1;;;;;
;B2/SAM3072-2;SAM3072;1 gruppe;2STA, 2STB, 2STC, 2STD, 2STE, 2STF, 2STG, 2STH, 3PBYA;B2;Nei;
;;Psykologi 1;;;;;
;B3/SAM3072-1;SAM3072;1 gruppe;2STA, 2STB, 2STC, 2STD, 2STE, 2STF, 2STG, 2STH, 3STA, 3STB, 3STC, 3STD, 3STE, 3STF, 3STG, 3STH;B3;Nei;
;;Psykologi 1;;;;;
;B5/SAM3046;SAM3046;1 gruppe;3MKA, 3STA, 3STB, 3STC, 3STD, 3STE, 3STF, 3STG, 3STH;B5;Nei;
;;Markedsføring og ledelse 2;;;;;
;B5/SAM3070;SAM3070;1 gruppe;3MKA, 3STA, 3STB, 3STC, 3STD, 3STE, 3STF, 3STG, 3STH;B5;Nei;
;;Økonomi og ledelse;;;;;
;B4/SPR3038;SPR3038;1 gruppe;2MKA, 2STA, 2STB, 2STC, 2STD, 2STE, 2STF, 2STG, 2STH, 3MKA, 3PBYA, 3STA, 3STB, 3STC, 3STD, 3STE, 3STF, 3STG, 3STH;B4;Nei;
;;Reiseliv og språk 1;;;;;
;B4/SAM3053;SAM3053;1 gruppe;2MKA, 2STA, 2STB, 2STC, 2STD, 2STE, 2STF, 2STG, 2STH, 3MKA, 3PBYA, 3STA, 3STB, 3STC, 3STD, 3STE, 3STF, 3STG, 3STH;B4;Nei;
;;Samfunnsgeografi;;;;;
;B4/MOK3010;MOK3010;1 gruppe;2MKA, 2STA, 2STB, 2STC, 2STD, 2STE, 2STF, 2STG, 2STH, 3MKA, 3PBYA, 3STA, 3STB, 3STC, 3STD, 3STE, 3STF, 3STG, 3STH;B4;Nei;
;;Grafisk design;;;;;
;B5/PSP5840;PSP5840;3 grupper;3MKA, 3STA, 3STB, 3STC, 3STD, 3STE, 3STF, 3STG, 3STH;B5;Nei;
;;Tysk nivå II;;;;;
;B5/PSP5841;PSP5841;0 grupper;3MKA, 3STA, 3STB, 3STC, 3STD, 3STE, 3STF, 3STG, 3STH;B5;Nei;
;;Tysk nivå II, muntlig;;;;;
;B4/PSP5846;PSP5846;2 grupper;3MKA, 3PBYA, 3STA, 3STB, 3STC, 3STD, 3STE, 3STF, 3STG, 3STH;B4;Nei;
;;Italiensk nivå II;;;;;
;B4/PSP5847;PSP5847;0 grupper;3MKA, 3PBYA, 3STA, 3STB, 3STC, 3STD, 3STE, 3STF, 3STG, 3STH;B4;Nei;
;;Italiensk nivå II, muntlig;;;;;
;1SRABC/SSR1001;SSR1001;0 grupper;1SRA, 1SRB, 1SRC;;Nei;
;;Forretningsdrift;;;;;
;FSP VG2/NOR3002;NOR3002;1 gruppe;2MKA, 2STA, 2STB, 2STD, 2STE, 2STF, 2STG, 2STH;FSP VG2;Nei;
;;Norsk, styrket opplæring, vg2;;;;;
;1SRA/YFF4209;YFF4209;1 gruppe;1SRA;;Nei;
;;Yrkesfaglig fordypning vg2;;;;;
;1SRA/KRO1018;KRO1018;1 gruppe;1SRA;;Nei;
;;Kroppsøving vg2;;;;;
;2ST/NOR1051;NOR1051;1 gruppe;2STD, 2STF, 2STH;;Nei;
;;Grunnleggende norsk for språklige minoriteter, nivå 1, vg1 studieforberedende utdanningsprogram og vg2 yrkesfaglige utdanningsprogram;;;;;
;FSP VG2/FSP6155 Fransk I+II, 2.år;FSP6155;1 gruppe;2STH;FSP VG2;Nei;
;;Fransk I+II, 2. år;;;;;
;Vg3/NOR3003;NOR3003;2 grupper;3MKA;B1;Nei;
;;Norsk, styrket opplæring, vg3;;;;;
;1IM/REA3056;REA3056;2 grupper;1IMB;;Nei;
;;Matematikk R1;;;;;